Study_id,Fasting_ Glucose_ Level,Insulin,HOMA-IR,IL-6,Leptin,Adiponectin,TNF-alpha,hs-CRP,Triglycerides,HDL,G0,G30,G60,G90,G120,I0,I30,I60,I90,I120
LCS03,72,5.4,0.96,0,10.1,21.2,0.4,1.74,42,74,72,114,131,82,71,5.4,27.7,65.3,44,31.3
LCS04,82,21.8,4.41382716,0,38,15,0.8,3.68,86,68,82,189,203,189,175,21.8,192.9,243.7,163.6,162.5
LCS07,85,23,.,0,82.9,9.6,1.1,3.81,68,61,85,157,133,92,97,23,134.4,150.3,64.2,52.4
LCS08,78,15.5,2.985185185,2.2,10.2,10.4,0.7,2.95,59,55,78,.,.,.,86,15.5,.,.,.,19.1
LCS09,78,4.2,0.808888889,1,32.8,2.5,0.8,11.98,133,36,78,137,128,119,111,4.2,286,349.2,398.9,414.4
LCS11,72,5.6,0.995555556,1,40.9,2.8,0.9,2.79,47,40,72,135,167,125,103,5.6,86.4,78.2,86.4,.
LCS12,86,16.5,3.503703704,1.2,18.9,2.8,1,1.4,75,42,86,154,152,126,113,16.5,83.1,115.8,119.1,101.5
LCS13,84,17.3,3.588148148,0.9,29,12.1,1,1.34,67,48,84,167,132,94,75,17.3,142.3,148.3,91.6,50.4
